Sample Name,Parameter Value[Library Selection],organism,host organism,paired_end,F_Primer,R_Primer,read1_path,read2_path,raw_R1_suffix,raw_R2_suffix,Factor Value[Spaceflight],Factor Value[Ionizing Radiation],Original Sample Name,groups
G3,16S,Microbiota,Lactuca sativa,TRUE,GTGCCAGCMGCCGCGGTAA,GGACTACHVGGGTWTCTAA,raw_reads/G3_R1_raw.fastq.gz,raw_reads/G3_R2_raw.fastq.gz,_R1_raw.fastq.gz,_R2_raw.fastq.gz,Ground Control,non-irradiated,Mmus_C57-6T_FCS_GC_LAR_Rep2_G3,Ground Control & non-irradiated
G5,16S,Microbiota,Lactuca sativa,TRUE,GTGCCAGCMGCCGCGGTAA,GGACTACHVGGGTWTCTAA,raw_reads/G5_R1_raw.fastq.gz,raw_reads/G5_R2_raw.fastq.gz,_R1_raw.fastq.gz,_R2_raw.fastq.gz,Ground Control,non-irradiated,Mmus_C57-6T_FCS_GC_LAR_Rep4_G5,Ground Control & non-irradiated
G8,16S,Microbiota,Lactuca sativa,TRUE,GTGCCAGCMGCCGCGGTAA,GGACTACHVGGGTWTCTAA,raw_reads/G8_R1_raw.fastq.gz,raw_reads/G8_R2_raw.fastq.gz,_R1_raw.fastq.gz,_R2_raw.fastq.gz,Ground Control,non-irradiated,Mmus_C57-6T_FCS_GC_LAR_Rep5_G8,Ground Control & non-irradiated
G9,16S,Microbiota,Lactuca sativa,TRUE,GTGCCAGCMGCCGCGGTAA,GGACTACHVGGGTWTCTAA,raw_reads/G9_R1_raw.fastq.gz,raw_reads/G9_R2_raw.fastq.gz,_R1_raw.fastq.gz,_R2_raw.fastq.gz,Ground Control,non-irradiated,Mmus_C57-6T_FCS_GC_LAR_Rep6_G9,Ground Control & non-irradiated
G10,16S,Microbiota,Lactuca sativa,TRUE,GTGCCAGCMGCCGCGGTAA,GGACTACHVGGGTWTCTAA,raw_reads/G10_R1_raw.fastq.gz,raw_reads/G10_R2_raw.fastq.gz,_R1_raw.fastq.gz,_R2_raw.fastq.gz,Ground Control,non-irradiated,Mmus_C57-6T_FCS_GC_LAR_Rep7_G10,Ground Control & non-irradiated
F3,16S,Microbiota,Lactuca sativa,TRUE,GTGCCAGCMGCCGCGGTAA,GGACTACHVGGGTWTCTAA,raw_reads/F3_R1_raw.fastq.gz,raw_reads/F3_R2_raw.fastq.gz,_R1_raw.fastq.gz,_R2_raw.fastq.gz,Space Flight,space radiation,Mmus_C57-6T_FCS_FLT_LAR_Rep3_F3,Space Flight & space radiation
F5,16S,Microbiota,Lactuca sativa,TRUE,GTGCCAGCMGCCGCGGTAA,GGACTACHVGGGTWTCTAA,raw_reads/F5_R1_raw.fastq.gz,raw_reads/F5_R2_raw.fastq.gz,_R1_raw.fastq.gz,_R2_raw.fastq.gz,Space Flight,space radiation,Mmus_C57-6T_FCS_FLT_LAR_Rep5_F5,Space Flight & space radiation
F8,16S,Microbiota,Lactuca sativa,TRUE,GTGCCAGCMGCCGCGGTAA,GGACTACHVGGGTWTCTAA,raw_reads/F8_R1_raw.fastq.gz,raw_reads/F8_R2_raw.fastq.gz,_R1_raw.fastq.gz,_R2_raw.fastq.gz,Space Flight,space radiation,Mmus_C57-6T_FCS_FLT_LAR_Rep7_F7,Space Flight & space radiation
F9,16S,Microbiota,Lactuca sativa,TRUE,GTGCCAGCMGCCGCGGTAA,GGACTACHVGGGTWTCTAA,raw_reads/F9_R1_raw.fastq.gz,raw_reads/F9_R2_raw.fastq.gz,_R1_raw.fastq.gz,_R2_raw.fastq.gz,Space Flight,space radiation,Mmus_C57-6T_FCS_FLT_LAR_Rep8_F9,Space Flight & space radiation
F10,16S,Microbiota,Lactuca sativa,TRUE,GTGCCAGCMGCCGCGGTAA,GGACTACHVGGGTWTCTAA,raw_reads/F10_R1_raw.fastq.gz,raw_reads/F10_R2_raw.fastq.gz,_R1_raw.fastq.gz,_R2_raw.fastq.gz,Space Flight,space radiation,Mmus_C57-6T_FCS_FLT_LAR_Rep9_F10,Space Flight & space radiation